n_locations,RP,RP_Out_of_Sample,WS,EVPI,VSS
1,1708.577690366929,Not computed,1698.4959106103827,10.081779756546212,16.918197553014352
